<?xml version="1.0" encoding="UTF-8"?>
<metadata xml:lang="en"><Esri><CreaDate>20230315</CreaDate><CreaTime>11245200</CreaTime><ArcGISFormat>1.0</ArcGISFormat><SyncOnce>TRUE</SyncOnce><DataProperties><lineage><Process ToolSource="c:\program files (x86)\arcgis\desktop10.7\ArcToolbox\Toolboxes\Data Management Tools.tbx\CopyRaster" Date="20230315" Time="112503">CopyRaster X:\EODEShare\NYCCAS\Analyses\pollutant_map_work\Maps_for_Reports\OpenData300m\yr13\o3S13300m.tif X:\EODEShare\NYCCAS\Data_Requests\OpenData300m\s13_o3300m # # -3.400000e+38 NONE ColormapToRGB # NONE NONE "Esri Grid" NONE</Process></lineage></DataProperties></Esri></metadata>
